Report ID,Report Version,Reporting Entity,Report Type,Report Month,Report Year,Report Submission Date,VIN,VIN - Unknown,Serial Number,Make,Model,Model - Unknown,Model Year,Model Year - Unknown,Same Vehicle ID,Mileage,Mileage - Unknown,Driver / Operator Type,ADAS/ADS System Version,ADAS/ADS System Version - Unk,ADAS/ADS System Version CBI,ADAS/ADS Hardware Version,ADAS/ADS Hardware Version - Unk,ADAS/ADS Hardware Version CBI,ADAS/ADS Software Version,ADAS/ADS Software Version - Unk,ADAS/ADS Software Version CBI,Other Reporting Entities?,Other Reporting Entities? - Unk,Other Reporting Entities? - NA,Federal Regulatory Exemption?,Other Federal Reg. Exemption,Federal Reg. Exemption - Unk,Federal Reg. Exemption - No,State or Local Permit?,State or Local Permit,ADS Equipped?,Automation System Engaged?,Operating Entity,Operating Entity - Unknown,Source - Complaint/Claim,Source - Telematics,Source - Law Enforcement,Source - Field Report,Source - Testing,Source - Media,Source - Other,Source - Other Text,Incident Date,Incident Date - Unknown,Notice Received Date,Incident Time (24:00),Incident Time - Unknown,Same Incident ID,Latitude,Latitude - Unknown,Longitude,Longitude - Unknown,Address,Address - Unknown,City,City - Unknown,State,Zip Code,Zip Code - Unknown,Roadway Type,Roadway Surface,Roadway Description,Posted Speed Limit (MPH),Posted Speed Limit - Unknown,Lighting,Weather - Clear,Weather - Snow,Weather - Cloudy,Weather - Fog/Smoke,Weather - Rain,Weather - Severe Wind,Weather - Unknown,Weather - Other,Weather - Other Text,Crash With,Highest Injury Severity Alleged,Property Damage?,CP Pre-Crash Movement,CP Any Air Bags Deployed?,CP Was Vehicle Towed?,CP Contact Area - Rear Left,CP Contact Area - Left,CP Contact Area - Front Left,CP Contact Area - Rear,CP Contact Area - Top,CP Contact Area - Front,CP Contact Area - Rear Right,CP Contact Area - Right,CP Contact Area - Front Right,CP Contact Area - Bottom,CP Contact Area - Unknown,SV Pre-Crash Movement,SV Any Air Bags Deployed?,SV Was Vehicle Towed?,SV Were All Passengers Belted?,SV Precrash Speed (MPH),SV Pre-crash Speed - Unknown,SV Contact Area - Rear Left,SV Contact Area - Left,SV Contact Area - Front Left,SV Contact Area - Rear,SV Contact Area - Top,SV Contact Area - Front,SV Contact Area - Rear Right,SV Contact Area - Right,SV Contact Area - Front Right,SV Contact Area - Bottom,SV Contact Area - Unknown,Data Availability - EDR,Data Availability - Police Rpt,Data Availability - Telematics,Data Availability - Complaints,Data Availability - Video,Data Availability - Other,Data Availability - No Data,Data Availability - Unknown,Law Enforcement Investigating?,Investigating Agency,Investigating Agency - Unknown,Rep Ent Or Mfr Investigating?,Investigating Officer Name,Inv. Officer Name - Unknown,Investigating Officer Phone,Inv. Officer Phone - Unknown,Investigating Officer Email,Inv. Officer Email - Unknown,Within ODD?,Within ODD? - CBI,Narrative,Narrative - CBI?
30270-10556,1,Waymo LLC,5-Day,,,APR-2025,SADHW2S18M1, ,N/A,Jaguar,I-Pace, ,2021, ,3fa13431ff0349d,227255, ,None,5th Generation ADS, , ,5th Generation, , ,Version 9, , ,, ,Y,,, ,Y,Yes (specify below),ADOT,Yes,ADS,Waymo LLC, , ,Y, , , , , ,,APR-2025, ,APR-2025,13:36, ,3e20827af0b4001,[MAY CONTAIN PERSONALLY IDENTIFIABLE INFORMATION], ,[MAY CONTAIN PERSONALLY IDENTIFIABLE INFORMATION], ,[MAY CONTAIN PERSONALLY IDENTIFIABLE INFORMATION], ,Phoenix, ,AZ ,[MAY CONTAIN PERSONALLY IDENTIFIABLE INFORMATION], ,Parking Lot,Dry,"Other, see Narrative",15, ,Daylight,Y, , , , , , , ,,Heavy Truck,No Injuries Reported,Yes,Backing,No,No, , , , , , , ,Y, , , ,Stopped,No,Yes,No Passengers in Vehicle,0, , , ,Y, , , , , , , , , , ,Y, ,Y,Y, , ,No,, ,Yes,, ,, ,, ,Yes, ,"On April [XXX], 2025 at 1:36 PM MST a Waymo Autonomous Vehicle (""Waymo AV"") operating in Phoenix, Arizona was in a collision involving a heavy truck in a parking lot near [XXX]. 
The Waymo AV was traveling through a parking lot near [XXX] when it made a right turn between two heavy trucks partially blocking the roadway. The heavy truck to the left of the Waymo AV then began to reverse and the Waymo AV slowed to a stop to yield to the heavy truck. While the Waymo AV remained stopped, the heavy truck continued to reverse and the passenger side of the heavy trucks trailer then made contact with the front driver side of the Waymo AV. At the time of the impact, the Waymo AV's Level 4 ADS was engaged in autonomous mode. The Waymo AV sustained damage. 
Waymo is reporting this crash under Request No. 1 of Standing General Order 2021-01 because a vehicle involved was towed away. Waymo may supplement or correct its reporting with additional information as it may become available.",
30270-10448,1,Waymo LLC,Monthly,3,2025,APR-2025,SADHW2S14R1, ,N/A,Jaguar,I-PACE, ,2024, ,58de7f4311cc07b,21101, ,None,5th Generation ADS, , ,5th Generation, , ,Version 9, , ,, ,Y,,, ,Y,No,,Yes,ADS,Waymo LLC, , ,Y, , , , , ,,MAR-2025, ,MAR-2025,17:40, ,d8217fb75609518,[MAY CONTAIN PERSONALLY IDENTIFIABLE INFORMATION], ,[MAY CONTAIN PERSONALLY IDENTIFIABLE INFORMATION], ,[MAY CONTAIN PERSONALLY IDENTIFIABLE INFORMATION], ,Austin, ,TX ,[MAY CONTAIN PERSONALLY IDENTIFIABLE INFORMATION], ,Street,Dry,No Unusual Conditions,25, ,Daylight,Y, , , , , , , ,,Heavy Truck,No Injuries Reported,Yes,Proceeding Straight,No,No,Y, , , , , , , , , , ,Stopped,No,No,No Passengers in Vehicle,0, , , ,Y, , , , , , , , , , ,Y, ,Y,Y, , ,No,, ,Yes,, ,, ,, ,Yes, ,"On March [XXX], 2025 at 5:40 PM CDT a Waymo Autonomous Vehicle (""Waymo AV"") operating in Austin, Texas was in a collision involving a swing-out tailgate of a trailer being towed by a heavy-duty pickup truck on [XXX] at [XXX]. 
The Waymo AV was traveling east on [XXX] when a heavy-duty pickup truck towing a dump trailer  traveling west on [XXX] approached the Waymo AV. The dump trailer was equipped with a swing-out tailgate that was open and had begun protruding across the center line and into the lane occupied by the Waymo AV. The Waymo AV came to a stop as the vehicle approached and the swung-out tailgate made contact with the front driver side of the stationary Waymo AV. At the time of the impact, the Waymo AV's Level 4 ADS was engaged in autonomous mode. The Waymo AV sustained damage.
Waymo is reporting this crash under Request No. 2 of Standing General Order 2021-01. Waymo may supplement or correct its reporting with additional information as it may become available.",
30270-10215,1,Waymo LLC,Monthly,2,2025,MAR-2025,SADHW2S15M1, ,N/A,Jaguar,I-PACE, ,2021, ,37fd568d1ac909e,147621, ,None,5th Generation ADS, , ,5th Generation, , ,Version 9, , ,, ,Y,,, ,Y,Yes (specify below),ADOT,Yes,ADS,Waymo LLC, , ,Y, , , , , ,,FEB-2025, ,FEB-2025,05:41, ,762125c31d18c18,[MAY CONTAIN PERSONALLY IDENTIFIABLE INFORMATION], ,[MAY CONTAIN PERSONALLY IDENTIFIABLE INFORMATION], ,[MAY CONTAIN PERSONALLY IDENTIFIABLE INFORMATION], ,Tempe, ,AZ ,[MAY CONTAIN PERSONALLY IDENTIFIABLE INFORMATION], ,Intersection,Dry,No Unusual Conditions,25, ,Dark - Lighted,Y, , , , , , , ,,Heavy Truck,No Injuries Reported,Yes,Making Right Turn,No,No,Y, , , , , , , , , , ,Stopped,No,No,No Passengers in Vehicle,0, , , , , , , , , ,Y, , , , ,Y, ,Y,Y, , ,No,, ,Yes,, ,, ,, ,Yes, ,"On February [XXX], 2025 at 5:41 AM MST a Waymo Autonomous Vehicle (""Waymo AV"") operating in Tempe, Arizona was in a collision involving a heavy truck with a trailer on [XXX]. 
The Waymo AV was stopped facing north in the leftmost lane for a red light on [XXX] at the intersection with[XXX]. While the Waymo AV remained stopped, a heavy truck approached the intersection in the rightmost lane and proceeded to make a right turn onto eastbound on [XXX]. As the heavy truck attempted the right turn at the intersection, the left rear corner bumper of the heavy truck's trailer crossed into the left lane and made contact with the front passenger side of the stationary Waymo AV. At the time of the impact, the Waymo AV's Level 4 ADS was engaged in autonomous mode. The Waymo AV sustained damage.
Waymo is reporting this crash under Request No. 2 of Standing General Order 2021-01. Waymo may supplement or correct its reporting with additional information as it may become available.",
988-10265,1,PACCAR Incorporated,Monthly,3,2025,MAR-2025,1XKYD49X3PJ, ,[MAY CONTAIN PERSONALLY IDENTIFIABLE INFORMATION],Kenworth,T680, ,2023, ,c287a5f63edf401,52447, ,In-Vehicle (Commercial / Test),Candidate, , ,, , ,, , ,Kodiak Robotics, , ,,, ,Y,No,,Yes,ADS,"Kodiak Robotics, Inc.", , ,Y, , , , , ,,MAR-2025, ,MAR-2025,14:20, ,9fc2807aedfa970,[MAY CONTAIN PERSONALLY IDENTIFIABLE INFORMATION], ,[MAY CONTAIN PERSONALLY IDENTIFIABLE INFORMATION], ,[MAY CONTAIN PERSONALLY IDENTIFIABLE INFORMATION], ,Odessa, ,TX ,[MAY CONTAIN PERSONALLY IDENTIFIABLE INFORMATION], ,Highway / Freeway,Dry,Work Zone,55, ,Daylight,Y, , , , , , , ,,Heavy Truck,No Injuries Reported,Yes,Proceeding Straight,Not Applicable,Not Applicable, , , , , , , ,Y, , , ,Proceeding Straight,No,No,Yes,54, , ,Y, , , , , , , , , , , ,Y, ,Y,Y, , ,No,, ,No,, ,, ,, ,Yes, ,"On March [XXX] at approximately 2:20 PM CT, the passenger-side mirror of a lifted Ford F-350 with dual rear wheels made light contact with a Kodiak Driver-equipped autonomous trucks drivers side mirror. The Kodiak truck was Westbound on [XXX] Midland and Odessa, Texas. The driver of the F-350 continued down the road without stopping. The Kodiak truck has been operating in manual mode for approximately 10 seconds prior to the incident.
The Kodiak safety driver pulled over at the next exit to inspect the vehicle and found minor surface abrasion on the drivers side mirror. There were no injuries reported, and no vehicles were towed from the scene.",
30391-10111,1,Kodiak Robotics,Monthly,2,2025,MAR-2025,1XKYDP9X8LJ, ,N/A,Kenworth,T680, ,2020, ,fbd7a440e34169b,327663, ,In-Vehicle (Commercial / Test),Candidate, , ,Gen 3, , ,Candidate, , ,PACCAR Incorporated, , ,,, ,Y,No,,Yes,ADS,"Kodiak Robotics, Inc", , , , ,Y,Y, , ,,FEB-2025, ,FEB-2025,19:08, ,58ed5a4d4e93504,[MAY CONTAIN PERSONALLY IDENTIFIABLE INFORMATION], ,[MAY CONTAIN PERSONALLY IDENTIFIABLE INFORMATION], ,[MAY CONTAIN PERSONALLY IDENTIFIABLE INFORMATION], ,Thackerville, ,OK ,[MAY CONTAIN PERSONALLY IDENTIFIABLE INFORMATION], ,Highway / Freeway,Dry,Work Zone,65, ,Dark - Unknown Lighting,Y, , , , , , , ,,Heavy Truck,No Injuries Reported,Yes,Proceeding Straight,No,No, , , , , , , ,Y, , , ,Proceeding Straight,No,No,Yes,56, , , ,Y, , , , , , , , , , ,Y, ,Y,Y, , ,No,, ,Yes,, ,, ,, ,Yes, ,"On February 3 at 7:08 PM CT, a tractor-trailer encroached into the lane of a Kodiak Driver-equipped autonomous truck traveling Northbound on I-35 in Thackerville, Oklahoma. The truck's trailer made light contact with the Kodiak trucks drivers side mirror. The driver of the other tractor-trailer continued down the road without stopping.
No material property damage occurred, just surface abrasion to the drivers side mirror SensorPod. There were no injuries reported, and no vehicles were towed from the scene.",
988-9975,1,PACCAR Incorporated,Monthly,2,2025,FEB-2025,1XKYDP9X8LJ, ,N/A,Kenworth,T680, ,2020, ,fbd7a440e34169b,327663, ,In-Vehicle (Commercial / Test),Candidate, , ,,Y, ,,Y, ,Kodiak Robotics, , ,,,Y, ,Unknown,,Yes,ADS,"Kodiak Robotics,Inc.", , ,Y, , , , ,Y,"video, sensor data",FEB-2025, ,FEB-2025,19:08, ,58ed5a4d4e93504,[MAY CONTAIN PERSONALLY IDENTIFIABLE INFORMATION], ,[MAY CONTAIN PERSONALLY IDENTIFIABLE INFORMATION], ,[MAY CONTAIN PERSONALLY IDENTIFIABLE INFORMATION], ,Thackerville, ,OK ,[MAY CONTAIN PERSONALLY IDENTIFIABLE INFORMATION], ,Highway / Freeway,"Other, see Narrative",No Unusual Conditions,65, ,Dark - Unknown Lighting,Y, , , , , , , ,,Heavy Truck,No Injuries Reported,Yes,Lane / Road Departure,Not Applicable,Not Applicable, , , , , , , , ,Y, , ,Proceeding Straight,No,No,Yes,56, , ,Y, , , , , , , , , , , ,Y, ,Y,Y, , ,No,, ,No,, ,, ,, ,Yes, ,"On February [XXX]at 7:08 PM CT, a tractor-trailer encroached into the lane of a Kodiak Driver-equipped autonomous truck traveling Northbound on [XXX]in Thackerville, Oklahoma. The other tractor-trailer was overtaking Kodiaks truck in the left lane and three-quarters of their truck was past when it veered out of the left lane into the lane occupied by Kodiak and made light contact with the Kodiak trucks drivers side mirror/SensorPod.  The area where this occurred was a construction zone with concrete barrier eliminating the right road shoulder preventing the Kodiak truck driver from being able to make a defensive maneuver to avoid the contact. The driver of the other tractor-trailer continued down the road without stopping.
No material property damage occurred, just surface abrasion to the drivers side SensorPod. There were no injuries reported, and no vehicles were towed from the scene.",
30270-9868,1,Waymo LLC,Monthly,1,2025,FEB-2025,SADHW2S12R1, ,N/A,Jaguar,I-PACE, ,2024, ,ca62eeaf8438407,16352, ,None,5th Generation ADS, , ,5th Generation, , ,Version 9, , ,, ,Y,,, ,Y,No,,Yes,ADS,Waymo LLC, , ,Y, , , , , ,,JAN-2025, ,JAN-2025,13:51, ,99e19d155838197,[MAY CONTAIN PERSONALLY IDENTIFIABLE INFORMATION], ,[MAY CONTAIN PERSONALLY IDENTIFIABLE INFORMATION], ,[MAY CONTAIN PERSONALLY IDENTIFIABLE INFORMATION], ,Austin, ,TX ,[MAY CONTAIN PERSONALLY IDENTIFIABLE INFORMATION], ,Parking Lot,Dry,No Unusual Conditions,15, ,Daylight, , ,Y, , , , , ,,Heavy Truck,No Injuries Reported,Yes,Making Right Turn,No,No, , , , , , , ,Y, , , ,Stopped,No,No,No Passengers in Vehicle,0, , ,Y,Y, , , , , , , , , , ,Y, ,Y,Y, , ,No,, ,Yes,, ,, ,, ,Yes, ,"On January [XXX], 2025 at 1:51 PM CT a Waymo Autonomous Vehicle (""Waymo AV"") operating in Austin, Texas was in a collision involving a heavy truck in a parking lot driveway near the [XXX]. 
The Waymo AV was traveling northwest in a parking lot driveway off of the [XXX], and came to a stop in the dedicated right turn lane, preparing to make a right turn onto [XXX]. A heavy truck was stopped in the leftmost lane and began to make a wide right turn onto [XXX]. The passenger side of the heavy truck's trailer made contact with the front driver side of the stationary Waymo AV. At the time of the impact, the Waymo AV's Level 4 ADS was engaged in autonomous mode. The Waymo AV sustained damage.
Waymo is reporting this crash under Request No. 2 of Standing General Order 2021-01. Waymo may supplement or correct its reporting with additional information as it may become available.",
30270-9585,1,Waymo LLC,Monthly,12,2024,JAN-2025,SADHW2S10R1, ,N/A,JLR,I-PACE, ,2024, ,54a02e94e0a19eb,4793, ,None,5th Generation ADS, , ,5th Generation, , ,Version 9, , ,, ,Y,,, ,Y,No,,Yes,ADS,Waymo LLC, , ,Y, , , , , ,,DEC-2024, ,DEC-2024,12:59, ,0171d33e85df5db,[MAY CONTAIN PERSONALLY IDENTIFIABLE INFORMATION], ,[MAY CONTAIN PERSONALLY IDENTIFIABLE INFORMATION], ,[MAY CONTAIN PERSONALLY IDENTIFIABLE INFORMATION], ,Austin, ,TX ,[MAY CONTAIN PERSONALLY IDENTIFIABLE INFORMATION], ,Parking Lot,Dry,No Unusual Conditions,5, ,Daylight, , ,Y, , , , , ,,Heavy Truck,No Injuries Reported,Yes,Backing,No,No,Y, , , , , , , , , , ,Stopped,No,No,No Passengers in Vehicle,0, , , , , , , , , ,Y, , , , ,Y, ,Y,Y, , ,No,, ,Yes,, ,, ,, ,Yes, ,"On December [XXX], 2024 at 12:59 PM CT a Waymo Autonomous Vehicle (""Waymo AV') operating in Austin, Texas was in a collision involving a heavy truck in a parking lot near [XXX]. 
The Waymo AV was proceeding through a parking lot preparing to make a left turn into a parking stall directly to its left when a heavy truck ahead of the Waymo AV began to reverse. The Waymo AV slowed to a stop as it yielded to the heavy truck. While the Waymo AV remained stopped, the heavy truck continued reversing and the rear driver side of the heavy truck made contact with the front passenger side of the Waymo AV. At the time of the impact, the Waymo AV's Level 4 ADS was engaged in autonomous mode. The Waymo AV sustained damage. 
Waymo is reporting this crash under Request No. 2 of Standing General Order 2021-01.  Waymo may supplement or correct its reporting with additional information as it may become available.",
540-9365,1,"General Motors, LLC",Monthly,11,2024,DEC-2024,5G21A6P05P4, ,N/A,Cruise,AV, ,2023, ,14e70e87c081675,120190, ,In-Vehicle and Remote (Commercial / Test),,Y, ,,Y, ,,Y, ,Cruise LLC, , ,,, ,Y,No,,Yes,ADS,Cruise LLC, , ,Y, ,Y,Y, , ,,NOV-2024, ,DEC-2024,09:10, ,88e684e941be85e,[MAY CONTAIN PERSONALLY IDENTIFIABLE INFORMATION], ,[MAY CONTAIN PERSONALLY IDENTIFIABLE INFORMATION], ,[MAY CONTAIN PERSONALLY IDENTIFIABLE INFORMATION], ,Houston, ,TX ,[MAY CONTAIN PERSONALLY IDENTIFIABLE INFORMATION], ,Intersection,Dry,No Unusual Conditions,35, ,Daylight,Y, , , , , , , ,,Heavy Truck,Moderate,Yes,Backing,Unknown,No, , , ,Y, , , , , , , ,Stopped,No,No,Yes,0, , , , , , ,Y, , , , , ,Y,Y,Y, ,Y,Y, , ,Yes,Houston Police Department, ,Yes,[MAY CONTAIN PERSONALLY IDENTIFIABLE INFORMATION], ,,Y,,Y,"Unknown, see Narrative", ,"On December 13, 2024, GM Cruise Holdings LLC (""Cruise"") filed an Incident Report (the ""Report"") under the Second Amended Standing General Order 2021-01, dated April 5, 2023 (the ""Order"") General Motors LLC (GM) manufactured the Cruise-operated motor vehicle involved in the incident summarized in the Incident Report. Because GM is also a Reporting Entity under the Order, GM is submitting a duplicate of the redacted public copy of the Report. GM has selected ""Unknown"" in the ""ADS version"" and ""ODD time"" fields solely to avoid a second submission of nonpublic Cruise CBI GM is in possession of Cruise's responses to these fields and incorporates Cruise's responses into this submission by reference. GM's submission is based on facts supplied to GM by Cruise. GM has not investigated the alleged incident and currently believes, based on a reasonable inquiry, that it has no independent knowledge of the facts in the Report. (Reference file: 30412-9268-1).",
30412-9268,1,Cruise LLC,Monthly,11,2024,DEC-2024,5G21A6P05P4, ,N/A,Cruise,AV, ,2023, ,14e70e87c081675,120190, ,In-Vehicle and Remote (Commercial / Test),"[REDACTED, MAY CONTAIN CONFIDENTIAL BUSINESS INFORMATION]", ,Y,"[REDACTED, MAY CONTAIN CONFIDENTIAL BUSINESS INFORMATION]", ,Y,"[REDACTED, MAY CONTAIN CONFIDENTIAL BUSINESS INFORMATION]", ,Y,"General Motors, LLC", , ,,, ,Y,No,,Yes,ADS,Cruise LLC, , ,Y, ,Y,Y, , ,,NOV-2024, ,NOV-2024,09:10, ,88e684e941be85e,[MAY CONTAIN PERSONALLY IDENTIFIABLE INFORMATION], ,[MAY CONTAIN PERSONALLY IDENTIFIABLE INFORMATION], ,[MAY CONTAIN PERSONALLY IDENTIFIABLE INFORMATION], ,Houston, ,TX ,[MAY CONTAIN PERSONALLY IDENTIFIABLE INFORMATION], ,Intersection,Dry,No Unusual Conditions,35, ,Daylight,Y, , , , , , , ,,Heavy Truck,Moderate,Yes,Backing,Unknown,No, , , ,Y, , , , , , , ,Stopped,No,No,Yes,0, , , , , , ,Y, , , , , ,Y,Y,Y, ,Y,Y, , ,Yes,Houston Police Department, ,Yes,[MAY CONTAIN PERSONALLY IDENTIFIABLE INFORMATION], ,,Y,,Y,"[REDACTED, MAY CONTAIN CONFIDENTIAL BUSINESS INFORMATION]",Y,"On November [XXX], 2024, at 9:10am CST, a Cruise autonomous vehicle (""AV"") operating in supervised autonomous mode in Houston, Texas was traveling westbound on [XXX] between [XXX] and [XXX]. The AV came to a complete stop behind a semi-trailer truck stopped at a traffic signal at the intersection with [XXX]. The semi-trailer truck reversed into the AV, making contact with the front of the AV twice. Prior to contact, the AV operator honked the horn to attempt to alert the truck driver After contact, the AV operator got out of the car to attempt to flag down the truck driver. However, the driver of the semi-trailer truck left the scene without exchanging information. The impact resulted in damage to the front end of the AV. The AV was driven away from the scene, and a police report was filed to document the incident. The AV operator later reported moderate injuries.",
30270-8929,1,Waymo LLC,5-Day,,,OCT-2024,SADHW2S11M1, ,N/A,Jaguar,I-Pace, ,2021, ,3945f0146606314,103652, ,None,5th Generation ADS, , ,5th Generation, , ,Version 9, , ,, ,Y,,, ,Y,Yes (specify below),ADOT               ,Yes,ADS,Waymo LLC, , ,Y, , , , , ,,OCT-2024, ,OCT-2024,09:59, ,7360347cc3d1693,[MAY CONTAIN PERSONALLY IDENTIFIABLE INFORMATION], ,[MAY CONTAIN PERSONALLY IDENTIFIABLE INFORMATION], ,[MAY CONTAIN PERSONALLY IDENTIFIABLE INFORMATION], ,Phoenix, ,AZ ,[MAY CONTAIN PERSONALLY IDENTIFIABLE INFORMATION], ,Parking Lot,Dry,No Unusual Conditions,15, ,Daylight,Y, , , , , , , ,,Heavy Truck,No Injuries Reported,Yes,Making Right Turn,No,No, , , , , , , ,Y, , , ,Stopped,No,Yes,No Passengers in Vehicle,0, , ,Y,Y, , ,Y, , , , , , , ,Y, ,Y,Y, , ,Yes,Phoenix Police Department, ,Yes,[MAY CONTAIN PERSONALLY IDENTIFIABLE INFORMATION], ,,Y,,Y,Yes, ,"On October [XXX], 2024 at 9:59 AM MT a Waymo Autonomous Vehicle (Waymo AV) operating in Phoenix, Arizona was in a collision involving a heavy truck near [XXX]. 
The Waymo AV was traveling through an industrial parking lot towards the exit driveway in preparation for making a right turn onto [XXX] when it came to a stop to the right of a stopped heavy truck. As the Waymo AV remained stopped, the heavy truck began to make a right turn onto [XXX] and the passenger side of the heavy truck made contact with the driver side of the Waymo AV. At the time of the impact, the Waymo AVs Level 4 ADS was engaged in autonomous mode. The Waymo AV sustained damage.
Waymo is reporting this crash under Request No. 1 of Standing General Order 2021-01 because a vehicle involved was towed away. Waymo may supplement or correct its reporting with additional information as it may become available.",
30270-8793,1,Waymo LLC,5-Day,,,OCT-2024,SADHW2S16M1, ,N/A,Jaguar,I-Pace, ,2021, ,cdf78379297f7ce,189327, ,In-Vehicle and Remote (Commercial / Test),5th Generation ADS, , ,5th Generation, , ,Version 9, , ,Transdev Alternative Services, , ,,, ,Y,Yes (specify below),ADOT,Yes,ADS,Waymo LLC, , ,Y, , , , , ,,OCT-2024, ,OCT-2024,17:20, ,9a38526528986a1,[MAY CONTAIN PERSONALLY IDENTIFIABLE INFORMATION], ,[MAY CONTAIN PERSONALLY IDENTIFIABLE INFORMATION], ,[MAY CONTAIN PERSONALLY IDENTIFIABLE INFORMATION], ,Tempe, ,AZ ,[MAY CONTAIN PERSONALLY IDENTIFIABLE INFORMATION], ,Street,Dry,No Unusual Conditions,45, ,Dark - Lighted,Y, , , , , , , ,,Heavy Truck,No Injuries Reported,Yes,Backing,No,No, , , ,Y, , , , , , , ,Stopped,No,Yes,Yes,0, , , , , , ,Y, , , , , , , ,Y, ,Y,Y, , ,Yes,Chandler Police Department, ,Yes,[MAY CONTAIN PERSONALLY IDENTIFIABLE INFORMATION], ,,Y,,Y,Yes, ,"On October [XXX], 2024 at 9:20 PM MT a Waymo Autonomous Vehicle (""Waymo AV"") operating in Tempe, Arizona was in a collision involving a heavy truck on [XXX] at [XXX].
The Waymo AV was traveling westbound on [XXX] and came to a stop behind a heavy truck at a red traffic light at the intersection with [XXX]. While the Waymo AV remained stationary, the heavy truck began reversing in lane and the rear of the heavy truck made contact with the front bumper of the Waymo AV. At the time of the impact, the Waymo AV's Level 4 ADS was engaged in autonomous mode, and a test driver was present (in the driver's seating position). The Waymo AV sustained damage.
Waymo is reporting this crash under Request No. 1 of Standing General Order 2021-01 because a vehicle involved was towed away. Waymo may supplement or correct its reporting with additional information as it may become available.",
30270-8619,1,Waymo LLC,Monthly,8,2024,SEP-2024,SADHW2S17M1, ,N/A,Jaguar,I-Pace, ,2021, ,2e36ef5640679ec,151685, ,None,5th Generation ADS, , ,5th Generation, , ,Version 9, , ,, ,Y,,, ,Y,Yes (specify below),ADOT,Yes,ADS,Waymo LLC, , ,Y, , , , , ,,AUG-2024, ,AUG-2024,10:05, ,e0c5c77ad2a2c50,[MAY CONTAIN PERSONALLY IDENTIFIABLE INFORMATION], ,[MAY CONTAIN PERSONALLY IDENTIFIABLE INFORMATION], ,[MAY CONTAIN PERSONALLY IDENTIFIABLE INFORMATION], ,Phoenix, ,AZ ,[MAY CONTAIN PERSONALLY IDENTIFIABLE INFORMATION], ,Street,Dry,No Unusual Conditions,40, ,Daylight,Y, , , , , , , ,,Heavy Truck,No Injuries Reported,Yes,Backing,No,No, , , ,Y, , , , , , , ,Stopped,No,No,Yes,0, , , ,Y, , , , , , , , , , ,Y, ,Y,Y, , ,No,, ,Yes,, ,, ,, ,Yes, ,"On August [XXX], 2024 at 10:05 AM MT a Waymo Autonomous Vehicle (""Waymo AV"") operating in Phoenix, Arizona was in a collision involving a heavy truck on [XXX] near [XXX]. 
The Waymo AV was traveling eastbound on [XXX] in the right lane of two lanes in the eastbound direction.  The AV came to a stop behind a heavy truck that had exited a parking lot driveway on the right side of the roadway and stopped across both lanes. The heavy truck then began reversing towards the parking lot driveway it had exited. While the Waymo AV remained stationary, the heavy truck continued reversing and the rear of the cab made contact with the front of the Waymo AV. At the time of the impact, the Waymo AV's Level 4 ADS was engaged in autonomous mode. The Waymo AV sustained damage.
Waymo is reporting this crash under Request No. 2 of Standing General Order 2021-01.Waymo may supplement or correct its reporting with additional information as it may become available.",
30270-8124,1,Waymo LLC,Monthly,6,2024,JUL-2024,SADHW2S15M1, ,N/A,Jaguar,I-Pace, ,2021, ,a6b642eb78b0b79,129577, ,None,5th Generation ADS, , ,5th Generation, , ,Version 9, , ,, ,Y,,, ,Y,Yes (specify below),ADOT                                                						,Yes,ADS,Waymo LLC, , ,Y, , , , , ,,JUN-2024, ,JUN-2024,10:38, ,d6ff7c26c42f9f3,[MAY CONTAIN PERSONALLY IDENTIFIABLE INFORMATION], ,[MAY CONTAIN PERSONALLY IDENTIFIABLE INFORMATION], ,[MAY CONTAIN PERSONALLY IDENTIFIABLE INFORMATION], ,Phoenix, ,AZ ,[MAY CONTAIN PERSONALLY IDENTIFIABLE INFORMATION], ,Street,Dry,No Unusual Conditions,40, ,Daylight,Y, , , , , , , ,,Heavy Truck,No Injuries Reported,Yes,Backing,No,No, , , ,Y, , , , , , , ,Stopped,No,No,Yes,0, , , , , , ,Y, , , , , , , ,Y, ,Y,Y, , ,No,, ,Yes,, ,, ,, ,Yes, ,"On June [XXX], 2024 at 10:38 AM MT a Waymo Autonomous Vehicle (Waymo AV) operating in Phoenix, Arizona was in a collision involving a heavy truck on [XXX] near [XXX]. 
The Waymo AV was traveling west on [XXX] when it came to a stop behind a heavy truck that was stopped in the same lane. The heavy truck then began reversing. While the Waymo AV remained stopped, the heavy truck continued reversing and made contact with the front of the Waymo AV. At the time of the impact, the Waymo AVs Level 4 ADS was engaged in autonomous mode. The Waymo AV sustained damage.
Waymo is reporting this crash under Request No. 2 of Standing General Order 2021-01. Waymo may supplement or correct its reporting with additional information as it may become available.",