Report ID,Report Version,Reporting Entity,Report Type,Report Month,Report Year,Report Submission Date,VIN,VIN - Unknown,Serial Number,Make,Model,Model - Unknown,Model Year,Model Year - Unknown,Same Vehicle ID,Mileage,Mileage - Unknown,Driver / Operator Type,ADAS/ADS System Version,ADAS/ADS System Version - Unk,ADAS/ADS System Version CBI,ADAS/ADS Hardware Version,ADAS/ADS Hardware Version - Unk,ADAS/ADS Hardware Version CBI,ADAS/ADS Software Version,ADAS/ADS Software Version - Unk,ADAS/ADS Software Version CBI,Other Reporting Entities?,Other Reporting Entities? - Unk,Other Reporting Entities? - NA,Federal Regulatory Exemption?,Other Federal Reg. Exemption,Federal Reg. Exemption - Unk,Federal Reg. Exemption - No,State or Local Permit?,State or Local Permit,ADS Equipped?,Automation System Engaged?,Operating Entity,Operating Entity - Unknown,Source - Complaint/Claim,Source - Telematics,Source - Law Enforcement,Source - Field Report,Source - Testing,Source - Media,Source - Other,Source - Other Text,Incident Date,Incident Date - Unknown,Notice Received Date,Incident Time (24:00),Incident Time - Unknown,Same Incident ID,Latitude,Latitude - Unknown,Longitude,Longitude - Unknown,Address,Address - Unknown,City,City - Unknown,State,Zip Code,Zip Code - Unknown,Roadway Type,Roadway Surface,Roadway Description,Posted Speed Limit (MPH),Posted Speed Limit - Unknown,Lighting,Weather - Clear,Weather - Snow,Weather - Cloudy,Weather - Fog/Smoke,Weather - Rain,Weather - Severe Wind,Weather - Unknown,Weather - Other,Weather - Other Text,Crash With,Highest Injury Severity Alleged,Property Damage?,CP Pre-Crash Movement,CP Any Air Bags Deployed?,CP Was Vehicle Towed?,CP Contact Area - Rear Left,CP Contact Area - Left,CP Contact Area - Front Left,CP Contact Area - Rear,CP Contact Area - Top,CP Contact Area - Front,CP Contact Area - Rear Right,CP Contact Area - Right,CP Contact Area - Front Right,CP Contact Area - Bottom,CP Contact Area - Unknown,SV Pre-Crash Movement,SV Any Air Bags Deployed?,SV Was Vehicle Towed?,SV Were All Passengers Belted?,SV Precrash Speed (MPH),SV Pre-crash Speed - Unknown,SV Contact Area - Rear Left,SV Contact Area - Left,SV Contact Area - Front Left,SV Contact Area - Rear,SV Contact Area - Top,SV Contact Area - Front,SV Contact Area - Rear Right,SV Contact Area - Right,SV Contact Area - Front Right,SV Contact Area - Bottom,SV Contact Area - Unknown,Data Availability - EDR,Data Availability - Police Rpt,Data Availability - Telematics,Data Availability - Complaints,Data Availability - Video,Data Availability - Other,Data Availability - No Data,Data Availability - Unknown,Law Enforcement Investigating?,Investigating Agency,Investigating Agency - Unknown,Rep Ent Or Mfr Investigating?,Investigating Officer Name,Inv. Officer Name - Unknown,Investigating Officer Phone,Inv. Officer Phone - Unknown,Investigating Officer Email,Inv. Officer Email - Unknown,Within ODD?,Within ODD? - CBI,Narrative,Narrative - CBI?
30270-7946,1,Waymo LLC,Monthly,5,2024,JUN-2024,SADHW2S14R1, ,N/A,Jaguar,I-Pace, ,2024, ,35f21dc24f3f317,8640, ,None,5th Generation ADS, , ,5th Generation, , ,Version 9, , ,, ,Y,,, ,Y,Yes (specify below),ADOT,Yes,ADS,Waymo LLC, , ,Y, , , , , ,,MAY-2024, ,MAY-2024,14:49, ,489ede4ac25d24c,[MAY CONTAIN PERSONALLY IDENTIFIABLE INFORMATION], ,[MAY CONTAIN PERSONALLY IDENTIFIABLE INFORMATION], ,[MAY CONTAIN PERSONALLY IDENTIFIABLE INFORMATION], ,Phoenix, ,AZ ,[MAY CONTAIN PERSONALLY IDENTIFIABLE INFORMATION], ,Parking Lot,Dry,No Unusual Conditions,15, ,Daylight, , ,Y, , , , , ,,Heavy Truck,No Injuries Reported,Yes,Backing,No,No, , , , , , ,Y, , , , ,Stopped,No,No,No Passengers in Vehicle,0, , , , , , , , , ,Y, , , , ,Y, ,Y,Y, , ,Yes,Phoenix Police Department, ,Yes,[MAY CONTAIN PERSONALLY IDENTIFIABLE INFORMATION], ,[MAY CONTAIN PERSONALLY IDENTIFIABLE INFORMATION], ,,Y,Yes, ,"On May [XXX], 2024 at 2:49 PM MT a Waymo Autonomous Vehicle (""Waymo AV"") operating in Phoenix, Arizona was in a collision involving a heavy truck and trailer in a parking lot near [XXX]. 
The Waymo AV was traveling west on [XXX] when it turned left into a parking lot near [XXX]. As the Waymo AV was traveling through the parking lot, a heavy truck traveling directly in front of the Waymo AV stopped. While the heavy truck remained stopped, the Waymo AV began to slowly proceed straight around the heavy truck, but slowed to a stop as the heavy truck began reversing. The rear passenger side of the heavy trucks trailer then made contact with the front passenger side of the Waymo AV. At the time of the impact, the Waymo AV's Level 4 ADS was engaged in autonomous mode. The Waymo AV sustained damage.
Waymo is reporting this crash under Request No. 2 of Standing General Order 2021-01. Waymo may supplement or correct its reporting with additional information as it may become available.",
30531-7548,1,Transdev Alternative Services,Monthly,3,2023,APR-2024,SADHW2S10R1, ,N/A,Jaguar,I-Pace, ,2024, ,be94d70cddb6506,676, ,In-Vehicle (Commercial / Test),5th Generation ADS, , ,5th Generation, , ,Version 9, , ,Waymo LLC, , ,,, ,Y,No,,Yes,ADS,Waymo LLC, , ,Y, , , , , ,,MAR-2024, ,MAR-2024,10:03, ,d5770d65e2e965b,[MAY CONTAIN PERSONALLY IDENTIFIABLE INFORMATION], ,[MAY CONTAIN PERSONALLY IDENTIFIABLE INFORMATION], ,[MAY CONTAIN PERSONALLY IDENTIFIABLE INFORMATION], ,Austin, ,TX ,[MAY CONTAIN PERSONALLY IDENTIFIABLE INFORMATION], ,Intersection,Dry,No Unusual Conditions,30, ,Daylight,Y, , , , , , , ,,Heavy Truck,No Injuries Reported,Yes,Backing,No,No, , , ,Y, , , , , , , ,Stopped,No,No,Yes,0, , , , , , ,Y, , , , , , , ,Y, ,Y,Y, , ,No,, ,Yes,, ,, ,, ,Yes, ,"On March [XXX], 2024 at 10:03 AM CDT a Waymo Autonomous Vehicle (""Waymo AV"") operating in Austin, Texas was in a collision involving a heavy truck on [XXX] near [XXX].
The Waymo AV was traveling sout-eastbound on [XXX] in autonomous mode when it came to a stop behind a heavy truck stopped at a stop sign at the intersection of [XXX].  The heavy truck then began reversing, and the Waymo AV test driver transitioned to manual mode.  While the Waymo AV remained stopped, the heavy truk continued reversing and made contact with the front of the Waymo AV.  At the time of the impact, the Waymo AV's Level 4 ADS was not engaged and a test driver was operating the Waymo AV in manual mode.  The Waymo AV sustained damage.  
This is a duplicate of report ID 30270-7541-1.",
30270-7541,1,Waymo LLC,Monthly,3,2024,APR-2024,SADHW2S10R1, ,N/A,Jaguar,I-Pace, ,2024, ,be94d70cddb6506,676, ,In-Vehicle (Commercial / Test),5th Generation ADS, , ,5th Generation, , ,Version 9, , ,Transdev Alternative Services, , ,,, ,Y,No,,Yes,ADS,Waymo LLC, , ,Y, , , , , ,,MAR-2024, ,MAR-2024,10:03, ,d5770d65e2e965b,[MAY CONTAIN PERSONALLY IDENTIFIABLE INFORMATION], ,[MAY CONTAIN PERSONALLY IDENTIFIABLE INFORMATION], ,[MAY CONTAIN PERSONALLY IDENTIFIABLE INFORMATION], ,Austin, ,TX ,[MAY CONTAIN PERSONALLY IDENTIFIABLE INFORMATION], ,Intersection,Dry,No Unusual Conditions,30, ,Daylight,Y, , , , , , , ,,Heavy Truck,No Injuries Reported,Yes,Backing,No,No, , , ,Y, , , , , , , ,Stopped,No,No,Yes,0, , , , , , ,Y, , , , , , , ,Y, ,Y,Y, , ,No,, ,Yes,, ,, ,, ,Yes, ,"On March [XXX], 2024 at 10:03 AM CDT a Waymo Autonomous Vehicle (Waymo AV) operating in Austin, Texas was in a collision involving a heavy truck on [XXX] near [XXX]. 
The Waymo AV was traveling south-eastbound on [XXX] in autonomous mode when it came to a stop behind a heavy truck stopped at a stop sign at the intersection of [XXX]. The heavy truck then began reversing, and the Waymo AV test driver transitioned to manual mode. While the Waymo AV remained stopped, the heavy truck continued reversing and made contact with the front of the Waymo AV. At the time of the impact, the Waymo AVs Level 4 ADS was not engaged and a test driver was operating the Waymo AV in manual mode. The Waymo AV sustained damage.
Waymo is reporting this crash under Request No. 2 of Standing General Order 2021-01. Waymo may supplement or correct its reporting with additional information as it may become available.",
30270-7313,1,Waymo LLC,Monthly,2,2024,MAR-2024,SADHW2S19M1, ,N/A,Jaguar,I-Pace, ,2021, ,c6b9fb3009b44fc,104482, ,None,5th Generation ADS, , ,5th Generation, , ,Version 8, , ,, ,Y,,, ,Y,Yes (specify below),ADOT,Yes,ADS,Waymo LLC, , ,Y, , , , , ,,FEB-2024, ,FEB-2024,9:30, ,5435df14596cad3,[MAY CONTAIN PERSONALLY IDENTIFIABLE INFORMATION], ,[MAY CONTAIN PERSONALLY IDENTIFIABLE INFORMATION], ,[MAY CONTAIN PERSONALLY IDENTIFIABLE INFORMATION], ,Phoenix, ,AZ ,[MAY CONTAIN PERSONALLY IDENTIFIABLE INFORMATION], ,Street,Dry,No Unusual Conditions,25, ,Daylight,Y, , , , , , , ,,Heavy Truck,No Injuries Reported,Yes,Backing,No,No, , , , , , , ,Y, , , ,Stopped,No,No,Yes,0, , , ,Y, , , , , , , , , , ,Y, ,Y,Y, , ,No,, ,Yes,, ,, ,, ,Yes, ,"On February [XXX], 2024 at 9:30 AM MT a Waymo Autonomous Vehicle (""Waymo AV"") operating in Phoenix, Arizona was in a collision involving a heavy truck and trailer near [XXX]. 
The Waymo AV was traveling east on [XXX] when it came to a stop for a heavy truck that was preparing to back into a driveway on the north side of [XXX]. While the Waymo remained stationary, the heavy truck continued to reverse and the right side of the heavy trucks trailer made contact with the front of the Waymo AV. At the time of the impact, the Waymo AVs Level 4 ADS was engaged in autonomous mode. The Waymo AV sustained damage.
Waymo is reporting this crash under Request No. 2 of Standing General Order 2021-01.",
988-7317,1,PACCAR Incorporated,Monthly,3,2024,MAR-2024,1XPBD49XXPD, ,[MAY CONTAIN PERSONALLY IDENTIFIABLE INFORMATION],Peterbilt,579, ,2023, ,6a9cdbc8a8c9586,108193, ,In-Vehicle (Commercial / Test),"[REDACTED, MAY CONTAIN CONFIDENTIAL BUSINESS INFORMATION]", ,Y,, , ,, , ,"Aurora Operations, Inc.", , ,,, ,Y,No,,Yes,ADS,"Aurora Operations, Inc.", , ,Y, ,Y, , , ,,FEB-2024, ,FEB-2024,14:03, ,40a6c193304ddb4,[MAY CONTAIN PERSONALLY IDENTIFIABLE INFORMATION], ,[MAY CONTAIN PERSONALLY IDENTIFIABLE INFORMATION], ,[MAY CONTAIN PERSONALLY IDENTIFIABLE INFORMATION], ,Streetman, ,TX ,[MAY CONTAIN PERSONALLY IDENTIFIABLE INFORMATION], ,Highway / Freeway,Dry,No Unusual Conditions,75, ,Dawn / Dusk, , ,Y, , , , , ,,Heavy Truck,No Injuries Reported,No,Lane / Road Departure,No,No, , ,Y, , , , , , , , ,Proceeding Straight,No,No,Yes,,Y, , , , , , ,Y, , , , , , ,Y, ,Y, , , ,No,, ,Yes,, ,, ,, ,Yes, ,"This incident occurred near Streetman, TX on [XXX] at approximately 3:03 PM CT on February [XXX], 2024. The Aurora vehicle was operating in autonomy at the time. Conditions were clear. As the Aurora vehicle was driving in its lane at 62 mph, a box truck veered into the lane of the Aurora vehicle. The box truck's mirror appeared to make contact with the back of the trailer that the Aurora Driver was pulling. At this time, we are not aware of any injuries, and camera footage appears to show that the box truck continued to drive. From the post-trip inspection, there was not any visible trailer damage. Before the collision, the Aurora Driver was driving straight in its lane and passing the box truck. Shortly thereafter, the box truck began to encroach into the lane of the Aurora Driver. The Aurora Driver detected the box truck's encroachment into the Aurora vehicle's lane and initiated a nudge away from the box truck to provide space. The Aurora Driver detected the collision and made the decision to initiate an incident response, but before it could execute that response, the Vehicle Operator took over control of the system and proceeded in manual. The Aurora vehicle then re-engaged in autonomy approximately two minutes later. 
The Vehicle Operator did not visually observe the collision, assumed the reaction of the Aurora Driver to be a software anomaly, and reported the vehicle nudge through the standard annotation protocol rather than through the incident response protocols. The incident was identified at approximately 1:03 PM CT on February 2, 2024, through a review of Aurora's data logs.",
30270-7156,1,Waymo LLC,Monthly,1,2024,FEB-2024,SADHW2S15M1, ,N/A,Jaguar,I-Pace, ,2021, ,a716fa442f09994,94478, ,None,5th Generation, , ,5th Generation, , ,Version 8, , ,, ,Y,,, ,Y,Yes (specify below),ADOT,Yes,ADS,Waymo LLC, , ,Y, , , , , ,,JAN-2024, ,JAN-2024,8:24, ,0440e1b9933a311,[MAY CONTAIN PERSONALLY IDENTIFIABLE INFORMATION], ,[MAY CONTAIN PERSONALLY IDENTIFIABLE INFORMATION], ,[MAY CONTAIN PERSONALLY IDENTIFIABLE INFORMATION], ,Phoenix, ,AZ ,[MAY CONTAIN PERSONALLY IDENTIFIABLE INFORMATION], ,Intersection,Dry,No Unusual Conditions,35, ,Daylight,Y, , , , , , , ,,Heavy Truck,No Injuries Reported,Yes,Backing,No,No,Y, , ,Y, , ,Y, , , , ,Stopped,No,No,Yes,0, , , ,Y, , ,Y, , ,Y, , , , ,Y, ,Y,Y, , ,No,, ,Yes,, ,, ,, ,Yes, ,"On January [XXX], 2024, at 7:24 AM PT a Waymo Autonomous Vehicle (Waymo AV) operating in Phoenix, Arizona was in a collision involving a truck on [XXX] and [XXX]. 
The Waymo AV was traveling westbound on [XXX] in the left lane, and came to a stop behind a stopped construction truck. As the Waymo AV came to a stop, the truck began to reverse and then made contact with the Waymo AV. At the time of the impact, the Waymo AVs Level 4 ADS was engaged in autonomous mode. The Waymo AV sustained damage.
Waymo is reporting this crash under Request No. 2 of Standing General Order 2021-01. Waymo may supplement or correct its reporting with additional information as it may become available.",
30530-7141,1,"Aurora Operations, Inc.",Monthly,2,2024,FEB-2024,1XPBD49XXPD, ,N/A,Peterbilt,579, ,2023, ,6a9cdbc8a8c9586,108193, ,In-Vehicle (Commercial / Test),"[REDACTED, MAY CONTAIN CONFIDENTIAL BUSINESS INFORMATION]", ,Y,, , ,, , ,PACCAR Incorporated, , ,,, ,Y,No,,Yes,ADS,"Aurora Operations, Inc.", , ,Y, ,Y, , , ,,FEB-2024, ,FEB-2024,14:03, ,40a6c193304ddb4,[MAY CONTAIN PERSONALLY IDENTIFIABLE INFORMATION], ,[MAY CONTAIN PERSONALLY IDENTIFIABLE INFORMATION], ,[MAY CONTAIN PERSONALLY IDENTIFIABLE INFORMATION], ,Streetman, ,TX ,[MAY CONTAIN PERSONALLY IDENTIFIABLE INFORMATION], ,Highway / Freeway,Dry,No Unusual Conditions,75, ,Dawn / Dusk, , ,Y, , , , , ,,Heavy Truck,No Injuries Reported,No,Lane / Road Departure,No,No, , ,Y, , , , , , , , ,Proceeding Straight,No,No,Yes,62, , , , , , , ,Y, , , , , , ,Y, ,Y, , , ,No,, ,Yes,, ,, ,, ,Yes, ,"This incident occurred near Streetman, TX on [XXX] at approximately 3:03 PM CT on February [XXX], 2024. The Aurora vehicle was operating in autonomy at the time. Conditions were clear. As the Aurora vehicle was driving in its lane at 62 mph, a box truck veered into the lane of the Aurora vehicle. The box truck's mirror appeared to make contact with the back of the trailer that the Aurora Driver was pulling. At this time, we are not aware of any injuries, and camera footage appears to show that the box truck continued to drive. From the post-trip inspection, there was not any visible trailer damage. 
Before the collision, the Aurora Driver was driving straight in its lane and passing the box truck. Shortly thereafter, the box truck began to encroach into the lane of the Aurora Driver. The Aurora Driver detected the box truck's encroachment into the Aurora vehicle's lane and initiated a nudge away from the box truck to provide space. The Aurora Driver detected the collision and made the decision to initiate an incident response, but before it could execute that response, the Vehicle Operator took over control of the system and proceeded in manual. The Aurora vehicle then re-engaged in autonomy approximately two minutes later. 
The Vehicle Operator did not visually observe the collision, assumed the reaction of the Aurora Driver to be a software anomaly, and reported the vehicle nudge through our standard annotation protocol rather than through our incident response protocols. We identified the incident at approximately 1:03 PM CT on February [XXX], 2024 through a review of our data logs.",
988-6565,1,PACCAR Incorporated,Monthly,10,2023,NOV-2023,1XKYDP9X7KJ, ,N/A,KENWORTH,T680, ,2019, ,c95b3ff7fcd3ee1,278167, ,In-Vehicle (Commercial / Test),"[REDACTED, MAY CONTAIN CONFIDENTIAL BUSINESS INFORMATION]", ,Y,"[REDACTED, MAY CONTAIN CONFIDENTIAL BUSINESS INFORMATION]", ,Y,"[REDACTED, MAY CONTAIN CONFIDENTIAL BUSINESS INFORMATION]", ,Y,Kodiak Robotics, , ,,, ,Y,No,,Yes,ADS,"Kodiak Robotics, Inc.", , , , , ,Y, , ,,OCT-2023, ,OCT-2023,15:08, ,1247cf7e78f61f6,[MAY CONTAIN PERSONALLY IDENTIFIABLE INFORMATION], ,[MAY CONTAIN PERSONALLY IDENTIFIABLE INFORMATION], ,[MAY CONTAIN PERSONALLY IDENTIFIABLE INFORMATION], ,Fort Worth, ,TX ,[MAY CONTAIN PERSONALLY IDENTIFIABLE INFORMATION], ,Highway / Freeway,Dry,No Unusual Conditions,75, ,Daylight,Y, , , , , , , ,,Heavy Truck,No Injuries Reported,Yes,Lane / Road Departure,No,No, , , , , , ,Y, , , , ,Proceeding Straight,No,No,Yes,34, , , ,Y, , , , , , , , , , ,Y, ,Y,Y, , ,No,, ,No,, ,, ,, ,Yes, ,"On October 30, 2023, PACCAR was informed by Kodiak, Inc of the incident that occurred October [XXX]. 
On October [XXX], 2023 at 3:08 PM CT, a tractor-trailer entered the lane of Kodiak Autonomous Vehicle (""Kodiak AV""), Kenworth Class 8 semi-truck and made minor contact. The Kodiak AV was driving westbound on [XXX] in Fort Worth, Texas, near [XXX].
The Kodiak AV was operating with a safety driver (in the driver's seating position), who transitioned the vehicle from autonomous to manual mode approximately 5 seconds prior to impact, due to the other truck encroaching on the Kodiak AV's lane. At the time of impact, the Kodiak AV was in manual mode. 
No injuries occurred in the incident. The Kodiak AV pulled over after the incident, and the other driver continued down the road. The Kodiak AV's mirror-mounted SensorPod sustained minor scratches. 
PACCAR may supplement or correct reporting with additional information as it may become available from Kodiak.",
30391-6563,1,Kodiak Robotics,Monthly,10,2023,NOV-2023,1XKYDP9X7KJ, ,N/A,Kenworth Motor Truck Co,T680, ,2019, ,c95b3ff7fcd3ee1,278167, ,In-Vehicle (Commercial / Test),"[REDACTED, MAY CONTAIN CONFIDENTIAL BUSINESS INFORMATION]", ,Y,"[REDACTED, MAY CONTAIN CONFIDENTIAL BUSINESS INFORMATION]", ,Y,"[REDACTED, MAY CONTAIN CONFIDENTIAL BUSINESS INFORMATION]", ,Y,PACCAR Incorporated, , ,,, ,Y,No,,Yes,ADS,"Kodiak Robotics, Inc.", , , , , ,Y, , ,,OCT-2023, ,OCT-2023,15:08, ,1247cf7e78f61f6,[MAY CONTAIN PERSONALLY IDENTIFIABLE INFORMATION], ,[MAY CONTAIN PERSONALLY IDENTIFIABLE INFORMATION], ,[MAY CONTAIN PERSONALLY IDENTIFIABLE INFORMATION], ,Fort Worth, ,TX ,[MAY CONTAIN PERSONALLY IDENTIFIABLE INFORMATION], ,Highway / Freeway,Dry,No Unusual Conditions,75, ,Daylight,Y, , , , , , , ,,Heavy Truck,No Injuries Reported,Yes,Lane / Road Departure,No,No, , , , , , ,Y, , , , ,Proceeding Straight,No,No,Yes,34, , , ,Y, , , , , , , , , , ,Y, ,Y,Y, , ,No,, ,No,, ,, ,, ,Yes, ,"On October [XXX], 2023 at 3:08 PM CT a tractor-trailer entered the lane of a Kodiak Autonomous Vehicle (Kodiak AV) Kenworth Class 8 semi-truck and made minor contact. The Kodiak AV was driving westbound on [XXX] in Fort Worth, Texas near [XXX].
The Kodiak AV was operating with a safety driver (in the drivers seating position), who transitioned the vehicle from autonomous to manual mode approximately 5 seconds prior to impact, due to the other truck encroaching on the Kodiak AVs lane. At the time of impact, the Kodiak AV was in manual mode.
No injuries occurred in the incident. The Kodiak AV pulled over after the incident, and the other driver continued down the road. The Kodiak AV's mirror-mounted SensorPod sustained minor scratches.
Kodiak may supplement or correct its reporting with additional information as it may become available.",
540-6461,1,"General Motors, LLC",Monthly,9,2023,OCT-2023,5G21A6P08P4, ,N/A,Cruise,AV, ,2023, ,a61d22beafb2ba5,11338, ,Remote (Commercial / Test),,Y, ,,Y, ,,Y, ,Cruise LLC, , ,,, ,Y,No,,Yes,ADS,Cruise LLC, , ,Y, ,Y, , , ,,SEP-2023, ,OCT-2023,10:54, ,3141a22a23dc07b,[MAY CONTAIN PERSONALLY IDENTIFIABLE INFORMATION], ,[MAY CONTAIN PERSONALLY IDENTIFIABLE INFORMATION], ,[MAY CONTAIN PERSONALLY IDENTIFIABLE INFORMATION], ,Austin, ,TX ,[MAY CONTAIN PERSONALLY IDENTIFIABLE INFORMATION], ,Street,Dry,No Unusual Conditions,25, ,Daylight,Y, , , , , , , ,,Heavy Truck,No Injuries Reported,Yes,Backing,No,No, ,Y, , , , , , , , , ,Stopped,No,No,No Passengers in Vehicle,0, , , , , , , , , ,Y, , ,Y, ,Y, ,Y,Y, , ,Yes,Austin Police Department, ,Yes,[MAY CONTAIN PERSONALLY IDENTIFIABLE INFORMATION], ,,Y,,Y,"Unknown, see Narrative", ,"On October 12, 2023, GM Cruise Holdings LLC (""Cruise"") filed an Incident Report (the ""Report"") under the Second Amended Standing General Order 2021-01, dated April 5, 2023 (the ""Order"") General Motors LLC (GM) manufactured the Cruise-operated motor vehicle involved in the incident summarized in the Incident Report. Because GM is also a Reporting Entity under the Order, GM is submitting a duplicate of the redacted public copy of the Report. GM has selected ""Unknown"" in the ""ADS version"" and ""ODD time"" fields solely to avoid a second submission of nonpublic Cruise CBI GM is in possession of Cruise's responses to these fields, and incorporates Cruise's responses into this submission by reference. GM's submission is based on facts supplied to GM by Cruise. GM has not investigated the alleged incident and currently believes, based on a reasonable inquiry, that it has no independent knowledge of the facts in the Report. (Reference file: 30412-6441-1).",
540-6455,1,"General Motors, LLC",Monthly,9,2023,OCT-2023,5G21A6P0XP4, ,N/A,Cruise,AV, ,2023, ,d5b14d5f29ad075,12955, ,Remote (Commercial / Test),,Y, ,,Y, ,,Y, ,Cruise LLC, , ,,, ,Y,No,,Yes,ADS,Cruise LLC, , ,Y, ,Y, , , ,,SEP-2023, ,OCT-2023,04:59, ,51bfbb4becf2e95,[MAY CONTAIN PERSONALLY IDENTIFIABLE INFORMATION], ,[MAY CONTAIN PERSONALLY IDENTIFIABLE INFORMATION], ,[MAY CONTAIN PERSONALLY IDENTIFIABLE INFORMATION], ,Austin, ,TX ,[MAY CONTAIN PERSONALLY IDENTIFIABLE INFORMATION], ,Street,Dry,No Unusual Conditions,25, ,Dark - Lighted,Y, , , , , , , ,,Heavy Truck,No Injuries Reported,Yes,Proceeding Straight,No,No, , ,Y, , , , , , , , ,Proceeding Straight,No,No,No Passengers in Vehicle,1, , , , , , , ,Y,Y, , , ,Y, ,Y, ,Y,Y, , ,No,, ,Yes,, ,, ,, ,"Unknown, see Narrative", ,"On October 12, 2023, GM Cruise Holdings LLC (""Cruise"") filed an Incident Report (the ""Report"") under the Second Amended Standing General Order 2021-01, dated April 5, 2023 (the ""Order"") General Motors LLC (GM) manufactured the Cruise-operated motor vehicle involved in the incident summarized in the Incident Report. Because GM is also a Reporting Entity under the Order, GM is submitting a duplicate of the redacted public copy of the Report. GM has selected ""Unknown"" in the ""ADS version"" and ""ODD time"" fields solely to avoid a second submission of nonpublic Cruise CBI GM is in possession of Cruise's responses to these fields, and incorporates Cruise's responses into this submission by reference. GM's submission is based on facts supplied to GM by Cruise. GM has not investigated the alleged incident and currently believes, based on a reasonable inquiry, that it has no independent knowledge of the facts in the Report. (Reference file: 30412-6440-1).",
30412-6441,1,Cruise LLC,Monthly,9,2023,OCT-2023,5G21A6P08P4, ,N/A,Cruise,AV, ,2023, ,a61d22beafb2ba5,11338, ,Remote (Commercial / Test),"[REDACTED, MAY CONTAIN CONFIDENTIAL BUSINESS INFORMATION]", ,Y,"[REDACTED, MAY CONTAIN CONFIDENTIAL BUSINESS INFORMATION]", ,Y,"[REDACTED, MAY CONTAIN CONFIDENTIAL BUSINESS INFORMATION]", ,Y,"General Motors, LLC", , ,,, ,Y,No,,Yes,ADS,Cruise LLC, , ,Y, ,Y, , , ,,SEP-2023, ,SEP-2023,10:54, ,3141a22a23dc07b,[MAY CONTAIN PERSONALLY IDENTIFIABLE INFORMATION], ,[MAY CONTAIN PERSONALLY IDENTIFIABLE INFORMATION], ,[MAY CONTAIN PERSONALLY IDENTIFIABLE INFORMATION], ,Austin, ,TX ,[MAY CONTAIN PERSONALLY IDENTIFIABLE INFORMATION], ,Street,Dry,No Unusual Conditions,25, ,Daylight,Y, , , , , , , ,,Heavy Truck,No Injuries Reported,Yes,Backing,No,No, ,Y, , , , , , , , , ,Stopped,No,No,No Passengers in Vehicle,0, , , , , , , , , ,Y, , ,Y, ,Y, ,Y,Y, , ,Yes,Austin Police Department, ,Yes,[MAY CONTAIN PERSONALLY IDENTIFIABLE INFORMATION], ,,Y,,Y,"[REDACTED, MAY CONTAIN CONFIDENTIAL BUSINESS INFORMATION]",Y,"A Cruise autonomous vehicle (""AV""), operating in driverless autonomous mode, was traveling westbound on [XXX] between [XXX] and [XXX] behind a semi-trailer truck that came to a complete stop in the roadway. The AV stopped in response and, shortly thereafter, the semi-trailer truck reversed into the AV's front bumper fascia, damaging the front passenger side bumper fascia of the AV. The parties exchanged information and there were no reported injuries. [REDACTED, MAY CONTAIN CONFIDENTIAL BUSINESS INFORMATION]",Y